{
    "name": "root",
    "metadata": {
        "timer_format_version": "0.1.0",
        "start_time_seconds": "1721997953",
        "python_version": "3.10.11 (tags/v3.10.11:7d4cc5a, Apr  5 2023, 00:38:17) [MSC v.1929 64 bit (AMD64)]",
        "command_line_arguments": "C:\\Users\\Matthew\\Documents\\Projects\\SAT\\Development phase\\Boss Bash Game\\Boss Bash\\venv\\Scripts\\mlagents-learn --run-id=gameTest1 --force --time-scale 1",
        "mlagents_version": "1.0.0",
        "mlagents_envs_version": "1.0.0",
        "communication_protocol_version": "1.5.0",
        "pytorch_version": "2.2.2+cu121",
        "numpy_version": "1.21.3",
        "end_time_seconds": "1721998087"
    },
    "total": 134.07705879999412,
    "count": 1,
    "self": 0.004485899982682895,
    "children": {
        "run_training.setup": {
            "total": 0.06286090000503464,
            "count": 1,
            "self": 0.06286090000503464
        },
        "TrainerController.start_learning": {
            "total": 134.0097120000064,
            "count": 1,
            "self": 0.1576444999227533,
            "children": {
                "TrainerController._reset_env": {
                    "total": 4.344258400000399,
                    "count": 1,
                    "self": 4.344258400000399
                },
                "TrainerController.advance": {
                    "total": 129.43337270008487,
                    "count": 10729,
                    "self": 0.1319291999170673,
                    "children": {
                        "env_step": {
                            "total": 127.16592650023085,
                            "count": 10729,
                            "self": 106.5233489004022,
                            "children": {
                                "SubprocessEnvManager._take_step": {
                                    "total": 20.5268178998449,
                                    "count": 10729,
                                    "self": 0.5126046997393132,
                                    "children": {
                                        "TorchPolicy.evaluate": {
                                            "total": 20.014213200105587,
                                            "count": 10729,
                                            "self": 20.014213200105587
                                        }
                                    }
                                },
                                "workers": {
                                    "total": 0.11575969998375513,
                                    "count": 10728,
                                    "self": 0.0,
                                    "children": {
                                        "worker_root": {
                                            "total": 67.52657410002575,
                                            "count": 10728,
                                            "is_parallel": true,
                                            "self": 31.160362699803954,
                                            "children": {
                                                "steps_from_proto": {
                                                    "total": 0.00022159999934956431,
                                                    "count": 1,
                                                    "is_parallel": true,
                                                    "self": 6.929999653948471e-05,
                                                    "children": {
                                                        "_process_rank_one_or_two_observation": {
                                                            "total": 0.0001523000028100796,
                                                            "count": 2,
                                                            "is_parallel": true,
                                                            "self": 0.0001523000028100796
                                                        }
                                                    }
                                                },
                                                "UnityEnvironment.step": {
                                                    "total": 36.36598980022245,
                                                    "count": 10728,
                                                    "is_parallel": true,
                                                    "self": 0.6206601010781014,
                                                    "children": {
                                                        "UnityEnvironment._generate_step_input": {
                                                            "total": 0.5769455997724435,
                                                            "count": 10728,
                                                            "is_parallel": true,
                                                            "self": 0.5769455997724435
                                                        },
                                                        "communicator.exchange": {
                                                            "total": 33.63333729982696,
                                                            "count": 10728,
                                                            "is_parallel": true,
                                                            "self": 33.63333729982696
                                                        },
                                                        "steps_from_proto": {
                                                            "total": 1.5350467995449435,
                                                            "count": 10728,
                                                            "is_parallel": true,
                                                            "self": 0.5948535997085855,
                                                            "children": {
                                                                "_process_rank_one_or_two_observation": {
                                                                    "total": 0.940193199836358,
                                                                    "count": 21456,
                                                                    "is_parallel": true,
                                                                    "self": 0.940193199836358
                                                                }
                                                            }
                                                        }
                                                    }
                                                }
                                            }
                                        }
                                    }
                                }
                            }
                        },
                        "trainer_advance": {
                            "total": 2.1355169999369537,
                            "count": 10728,
                            "self": 0.2068992997665191,
                            "children": {
                                "process_trajectory": {
                                    "total": 0.7315636001731036,
                                    "count": 10728,
                                    "self": 0.7315636001731036
                                },
                                "_update_policy": {
                                    "total": 1.197054099997331,
                                    "count": 1,
                                    "self": 0.7902369999937946,
                                    "children": {
                                        "TorchPPOOptimizer.update": {
                                            "total": 0.4068171000035363,
                                            "count": 30,